N,fpr_vs_one,fpr_vs_perm,lambda_median
100,0.91,0.04,1.0253201403417473
300,0.72,0.02,1.0059936918718897
1000,0.56,0.06,1.0023183870751702
